2026-03-23_16-36-52,---,draft.go:2026-03-23_16-36-52
2026-03-23_16-37-53,0,draft.go:2026-03-23_16-36-52
2026-03-23_16-37-56,0,draft.go:2026-03-23_16-36-52
2026-03-31_15-52-32,0,draft.go:2026-03-23_16-36-52
2026-04-06_16-36-21,---,draft.go:2026-03-23_16-36-52
2026-04-06_16-36-30,0,draft.go:2026-03-23_16-36-52
2026-04-06_19-29-40,0,draft.go:2026-04-06_19-29-40
2026-04-06_19-30-03,0,draft.go:2026-04-06_19-30-03
2026-04-06_19-30-19,0,draft.go:2026-04-06_19-30-19
2026-04-06_19-30-31,0,draft.go:2026-04-06_19-30-31
2026-04-06_19-31-20,0,draft.go:2026-04-06_19-31-20
2026-04-06_19-31-39,0,draft.go:2026-04-06_19-31-39
2026-04-06_19-31-58,0,draft.go:2026-04-06_19-31-58
2026-04-06_19-32-06,0,draft.go:2026-04-06_19-32-06
2026-04-06_19-32-32,0,draft.go:2026-04-06_19-32-32
2026-04-06_19-32-43,0,draft.go:2026-04-06_19-32-43
2026-04-06_19-33-23,0,draft.go:2026-04-06_19-33-23
2026-04-06_19-33-31,0,draft.go:2026-04-06_19-33-31
2026-04-06_19-33-33,0,draft.go:2026-04-06_19-33-31
2026-04-06_19-34-08,0,draft.go:2026-04-06_19-34-08
2026-04-06_19-34-09,0,draft.go:2026-04-06_19-34-08
2026-04-06_19-34-58,0,draft.go:2026-04-06_19-34-58
2026-04-06_19-35-08,0,draft.go:2026-04-06_19-35-08
2026-04-06_19-36-02,0,draft.go:2026-04-06_19-36-02
2026-04-06_19-36-15,0,draft.go:2026-04-06_19-36-15
2026-04-06_19-36-45,0,draft.go:2026-04-06_19-36-45
2026-04-06_19-36-57,0,draft.go:2026-04-06_19-36-57
2026-04-06_19-37-08,0,draft.go:2026-04-06_19-37-08
2026-04-06_19-37-33,0,draft.go:2026-04-06_19-37-33
2026-04-06_19-37-44,0,draft.go:2026-04-06_19-37-44
2026-04-06_19-38-03,0,draft.go:2026-04-06_19-38-03
2026-04-06_19-38-05,0,draft.go:2026-04-06_19-38-03
2026-04-06_19-38-15,0,draft.go:2026-04-06_19-38-15
2026-04-06_19-39-41,0,draft.go:2026-04-06_19-39-41
2026-04-06_19-40-09,0,draft.go:2026-04-06_19-40-09
2026-04-06_19-40-20,0,draft.go:2026-04-06_19-40-09
2026-04-07_09-14-28,0,draft.go:2026-04-07_09-14-28
2026-04-07_09-14-55,0,draft.go:2026-04-07_09-14-55
2026-04-07_09-18-45,0,draft.go:2026-04-07_09-18-45
2026-04-07_09-19-33,0,draft.go:2026-04-07_09-19-33
2026-04-07_09-21-22,0,draft.go:2026-04-07_09-21-22
2026-04-07_09-21-54,0,draft.go:2026-04-07_09-21-54
2026-04-07_09-25-08,0,draft.go:2026-04-07_09-25-08
2026-04-07_09-25-21,0,draft.go:2026-04-07_09-25-21
2026-04-07_09-25-35,100,draft.go:2026-04-07_09-25-35
