2026-06-04_19-44-54,0,main.go:2026-06-04_19-44-54
2026-06-04_19-44-57,0,main.go:2026-06-04_19-44-54
2026-06-05_15-49-22,0,main.go:2026-06-04_19-44-54
2026-06-05_15-49-29,0,main.go:2026-06-05_15-49-29
2026-06-05_15-52-19,0,main.go:2026-06-05_15-52-19
2026-06-05_15-52-20,0,main.go:2026-06-05_15-52-19
2026-06-05_15-52-39,0,main.go:2026-06-05_15-52-39
2026-06-05_15-53-41,0,main.go:2026-06-05_15-53-41
2026-06-05_15-53-49,0,main.go:2026-06-05_15-53-49
2026-06-05_15-57-51,0,main.go:2026-06-05_15-57-51
2026-06-05_15-58-34,0,main.go:2026-06-05_15-57-51
2026-06-05_15-58-35,0,main.go:2026-06-05_15-57-51
2026-06-05_15-59-10,---,main.go:2026-06-05_15-57-51
2026-06-05_16-01-58,0,main.go:2026-06-05_15-57-51
2026-06-05_16-02-37,0,main.go:2026-06-05_16-02-37
2026-06-05_16-03-17,0,main.go:2026-06-05_16-03-17
2026-06-05_16-03-29,0,main.go:2026-06-05_16-03-29
2026-06-05_16-05-05,0,main.go:2026-06-05_16-05-05
2026-06-05_16-08-20,0,main.go:2026-06-05_16-05-05
2026-06-05_16-09-49,0,main.go:2026-06-05_16-09-49
2026-06-05_16-10-40,0,main.go:2026-06-05_16-10-40
2026-06-05_16-11-16,0,main.go:2026-06-05_16-10-40
2026-06-05_16-12-03,0,main.go:2026-06-05_16-12-03
2026-06-05_16-13-33,0,main.go:2026-06-05_16-13-33
2026-06-05_16-13-35,0,main.go:2026-06-05_16-13-33
2026-06-05_16-15-45,0,main.go:2026-06-05_16-15-45
2026-06-05_16-15-57,0,main.go:2026-06-05_16-15-57
2026-06-05_16-20-32,0,main.go:2026-06-05_16-15-57
2026-06-05_16-22-38,0,main.go:2026-06-05_16-15-57
2026-06-05_16-23-20,0,main.go:2026-06-05_16-23-20
2026-06-05_16-24-14,0,main.go:2026-06-05_16-24-14
2026-06-05_16-25-01,0,main.go:2026-06-05_16-25-01
2026-06-05_16-25-28,0,main.go:2026-06-05_16-25-01
2026-06-05_16-29-40,0,main.go:2026-06-05_16-25-01
2026-06-05_16-38-11,30,main.go:2026-06-05_16-38-11
2026-06-05_16-38-58,0,main.go:2026-06-05_16-38-58
2026-06-05_16-40-06,0,main.go:2026-06-05_16-40-06
2026-06-05_16-40-44,0,main.go:2026-06-05_16-40-44
2026-06-05_16-42-02,0,main.go:2026-06-05_16-42-02
2026-06-05_16-42-20,100,main.go:2026-06-05_16-42-20
