2026-07-09_22-05-42,0,main.go:2026-07-09_22-05-42;stack.go:2026-07-09_22-05-42
2026-07-09_22-05-47,0,main.go:2026-07-09_22-05-42;stack.go:2026-07-09_22-05-42
2026-07-09_22-05-53,0,main.go:2026-07-09_22-05-42;stack.go:2026-07-09_22-05-42
2026-07-09_22-21-40,20,main.go:2026-07-09_22-21-40;stack.go:2026-07-09_22-05-42
2026-07-09_22-21-52,20,main.go:2026-07-09_22-21-52;stack.go:2026-07-09_22-05-42
2026-07-09_22-22-16,20,main.go:2026-07-09_22-22-16;stack.go:2026-07-09_22-05-42
2026-07-09_22-22-28,20,main.go:2026-07-09_22-22-28;stack.go:2026-07-09_22-05-42
2026-07-09_22-24-05,20,main.go:2026-07-09_22-24-05;stack.go:2026-07-09_22-05-42
2026-07-09_22-25-52,0,main.go:2026-07-09_22-25-52;stack.go:2026-07-09_22-05-42
2026-07-09_22-25-57,0,main.go:2026-07-09_22-25-57;stack.go:2026-07-09_22-05-42
2026-07-09_22-26-06,20,main.go:2026-07-09_22-26-06;stack.go:2026-07-09_22-05-42
2026-07-09_22-29-20,100,main.go:2026-07-09_22-29-20;stack.go:2026-07-09_22-05-42
