2026-04-26_23-21-47,0,shell.go:2026-04-26_23-21-47
2026-04-26_23-22-34,0,shell.go:2026-04-26_23-22-34
2026-04-26_23-23-04,0,shell.go:2026-04-26_23-23-04
2026-04-26_23-23-30,0,shell.go:2026-04-26_23-23-30
2026-04-26_23-31-51,0,shell.go:2026-04-26_23-31-51
2026-04-26_23-32-14,0,shell.go:2026-04-26_23-32-14
2026-04-26_23-33-02,12,shell.go:2026-04-26_23-33-02
2026-04-26_23-34-03,12,shell.go:2026-04-26_23-34-03
2026-04-26_23-34-50,12,shell.go:2026-04-26_23-34-50
2026-04-26_23-35-45,12,shell.go:2026-04-26_23-35-45
2026-04-26_23-35-54,12,shell.go:2026-04-26_23-35-54
2026-04-26_23-38-05,12,shell.go:2026-04-26_23-38-05
2026-04-26_23-38-32,12,shell.go:2026-04-26_23-38-32
2026-04-26_23-46-19,0,shell.go:2026-04-26_23-46-19
2026-04-26_23-46-32,0,shell.go:2026-04-26_23-46-32
2026-04-26_23-46-43,12,shell.go:2026-04-26_23-46-43
2026-04-26_23-47-32,0,shell.go:2026-04-26_23-47-32
2026-04-26_23-47-42,12,shell.go:2026-04-26_23-47-42
2026-04-26_23-48-17,12,shell.go:2026-04-26_23-48-17
2026-04-26_23-49-18,25,shell.go:2026-04-26_23-49-18
2026-04-26_23-51-31,0,shell.go:2026-04-26_23-51-31
2026-04-26_23-51-33,0,shell.go:2026-04-26_23-51-31
2026-04-26_23-51-42,0,shell.go:2026-04-26_23-51-42
2026-04-26_23-53-00,0,shell.go:2026-04-26_23-53-00
2026-04-26_23-53-17,0,shell.go:2026-04-26_23-53-17
2026-04-26_23-53-26,25,shell.go:2026-04-26_23-53-26
2026-04-26_23-53-40,25,shell.go:2026-04-26_23-53-40
2026-04-26_23-58-18,25,shell.go:2026-04-26_23-58-18
2026-04-27_00-03-00,25,shell.go:2026-04-27_00-03-00
2026-04-27_00-05-31,25,shell.go:2026-04-27_00-05-31
2026-04-27_00-05-46,25,shell.go:2026-04-27_00-05-46
2026-04-27_00-05-59,25,shell.go:2026-04-27_00-05-59
2026-04-27_00-07-16,25,shell.go:2026-04-27_00-07-16
2026-04-27_00-07-35,25,shell.go:2026-04-27_00-07-35
2026-04-27_00-09-23,25,shell.go:2026-04-27_00-09-23
2026-04-27_00-10-36,25,shell.go:2026-04-27_00-10-36
2026-04-27_00-11-01,25,shell.go:2026-04-27_00-11-01
2026-04-27_00-14-01,25,shell.go:2026-04-27_00-14-01
2026-04-27_00-15-49,25,shell.go:2026-04-27_00-15-49
2026-04-27_00-17-47,---,shell.go:2026-04-27_00-17-47
2026-04-27_00-20-14,25,shell.go:2026-04-27_00-20-14
2026-04-27_00-25-14,25,shell.go:2026-04-27_00-20-14
2026-04-27_00-25-40,25,shell.go:2026-04-27_00-25-40
2026-04-27_00-26-17,37,shell.go:2026-04-27_00-26-17
2026-04-27_00-29-36,37,shell.go:2026-04-27_00-29-36
2026-04-27_00-30-14,37,shell.go:2026-04-27_00-30-14
2026-04-27_00-31-47,37,shell.go:2026-04-27_00-31-47
2026-04-27_00-34-46,37,shell.go:2026-04-27_00-34-46
2026-04-27_00-35-00,37,shell.go:2026-04-27_00-35-00
2026-04-27_00-36-03,0,shell.go:2026-04-27_00-36-03
2026-04-27_00-36-10,0,shell.go:2026-04-27_00-36-03
2026-04-27_00-36-23,37,shell.go:2026-04-27_00-36-23
2026-04-27_00-37-14,50,shell.go:2026-04-27_00-37-14
2026-04-27_00-38-02,37,shell.go:2026-04-27_00-38-02
2026-04-27_00-40-30,0,shell.go:2026-04-27_00-40-30
2026-04-27_00-40-32,0,shell.go:2026-04-27_00-40-30
2026-04-27_00-40-39,37,shell.go:2026-04-27_00-40-39
2026-04-27_00-40-59,0,shell.go:2026-04-27_00-40-59
2026-04-27_00-41-02,0,shell.go:2026-04-27_00-40-59
2026-04-27_00-47-31,50,shell.go:2026-04-27_00-47-31
2026-04-27_00-57-02,0,shell.go:2026-04-27_00-57-02
2026-04-27_00-57-14,0,shell.go:2026-04-27_00-57-14
2026-04-27_00-57-29,0,shell.go:2026-04-27_00-57-29
2026-04-27_00-57-41,50,shell.go:2026-04-27_00-57-41
2026-04-27_00-58-00,50,shell.go:2026-04-27_00-58-00
2026-04-27_00-59-49,50,shell.go:2026-04-27_00-59-49
2026-04-27_01-00-07,50,shell.go:2026-04-27_01-00-07
2026-04-27_01-00-17,50,shell.go:2026-04-27_01-00-17
2026-04-27_01-02-13,62,shell.go:2026-04-27_01-02-13
