2026-03-31_15-55-07,---,shell.go:2026-03-31_15-55-07
2026-03-31_15-56-06,---,shell.go:2026-03-31_15-55-07
2026-04-07_09-27-13,---,shell.go:2026-03-31_15-55-07
2026-04-07_09-28-10,0,shell.go:2026-03-31_15-55-07
2026-04-07_09-36-35,0,shell.go:2026-04-07_09-36-35
2026-04-07_09-37-07,0,shell.go:2026-04-07_09-37-07
2026-04-07_09-37-16,0,shell.go:2026-04-07_09-37-16
2026-04-07_09-38-01,14,shell.go:2026-04-07_09-38-01
2026-04-07_09-39-11,28,shell.go:2026-04-07_09-39-11
2026-04-07_09-42-21,28,shell.go:2026-04-07_09-42-21
2026-04-07_09-42-51,28,shell.go:2026-04-07_09-42-51
2026-04-07_09-43-00,28,shell.go:2026-04-07_09-43-00
2026-04-07_09-43-16,28,shell.go:2026-04-07_09-43-16
2026-04-07_09-43-25,28,shell.go:2026-04-07_09-43-25
2026-04-07_09-43-33,28,shell.go:2026-04-07_09-43-33
2026-04-07_09-43-42,28,shell.go:2026-04-07_09-43-42
2026-04-07_09-47-44,28,shell.go:2026-04-07_09-47-44
2026-04-07_10-08-49,42,shell.go:2026-04-07_10-08-49
2026-04-07_10-13-49,0,shell.go:2026-04-07_10-13-49
2026-04-07_10-13-51,0,shell.go:2026-04-07_10-13-49
2026-04-07_10-13-57,42,shell.go:2026-04-07_10-13-57
2026-04-07_10-14-19,42,shell.go:2026-04-07_10-14-19
2026-04-07_10-14-32,42,shell.go:2026-04-07_10-14-32
2026-04-07_10-14-56,42,shell.go:2026-04-07_10-14-56
2026-04-07_10-15-39,0,shell.go:2026-04-07_10-15-39
2026-04-07_10-15-54,42,shell.go:2026-04-07_10-15-54
2026-04-07_10-18-32,0,shell.go:2026-04-07_10-18-32
2026-04-07_10-18-47,42,shell.go:2026-04-07_10-18-47
2026-04-07_10-19-28,0,shell.go:2026-04-07_10-19-28
2026-04-07_10-19-47,42,shell.go:2026-04-07_10-19-47
2026-04-07_10-19-58,42,shell.go:2026-04-07_10-19-58
2026-04-07_10-20-33,42,shell.go:2026-04-07_10-20-33
2026-04-07_10-21-58,57,shell.go:2026-04-07_10-21-58
2026-04-07_10-28-10,57,shell.go:2026-04-07_10-28-10
2026-04-07_10-28-26,57,shell.go:2026-04-07_10-28-26
2026-04-07_10-28-35,71,shell.go:2026-04-07_10-28-35
2026-04-07_10-33-52,0,shell.go:2026-04-07_10-33-52
2026-04-07_10-35-30,71,shell.go:2026-04-07_10-35-30
2026-04-07_10-35-58,85,shell.go:2026-04-07_10-35-58
2026-04-07_10-37-20,0,shell.go:2026-04-07_10-37-20
2026-04-07_10-37-31,100,shell.go:2026-04-07_10-37-31
2026-04-07_10-37-35,100,shell.go:2026-04-07_10-37-31
