2026-07-06_14-32-38,0,main.go:2026-07-06_14-32-38;queue.go:2026-07-06_14-32-38
2026-07-06_14-33-02,0,main.go:2026-07-06_14-33-02;queue.go:2026-07-06_14-32-38
2026-07-06_14-45-33,0,main.go:2026-07-06_14-45-33;queue.go:2026-07-06_14-32-38
2026-07-06_14-45-36,0,main.go:2026-07-06_14-45-33;queue.go:2026-07-06_14-32-38
2026-07-06_14-45-40,0,main.go:2026-07-06_14-45-40;queue.go:2026-07-06_14-32-38
2026-07-06_14-45-53,0,main.go:2026-07-06_14-45-53;queue.go:2026-07-06_14-32-38
2026-07-06_15-05-50,0,main.go:2026-07-06_15-05-50;queue.go:2026-07-06_14-32-38
2026-07-06_15-14-25,0,main.go:2026-07-06_15-14-25;queue.go:2026-07-06_14-32-38
2026-07-06_15-15-00,0,main.go:2026-07-06_15-14-25;queue.go:2026-07-06_14-32-38
2026-07-06_15-15-49,0,main.go:2026-07-06_15-15-49;queue.go:2026-07-06_14-32-38
2026-07-06_15-16-04,0,main.go:2026-07-06_15-16-04;queue.go:2026-07-06_14-32-38
2026-07-06_15-16-16,0,main.go:2026-07-06_15-16-16;queue.go:2026-07-06_14-32-38
2026-07-06_15-16-27,0,main.go:2026-07-06_15-16-27;queue.go:2026-07-06_14-32-38
2026-07-06_15-16-52,0,main.go:2026-07-06_15-16-52;queue.go:2026-07-06_14-32-38
2026-07-06_15-19-45,0,main.go:2026-07-06_15-19-45;queue.go:2026-07-06_14-32-38
2026-07-06_15-19-51,0,main.go:2026-07-06_15-19-45;queue.go:2026-07-06_14-32-38
2026-07-06_15-20-36,0,main.go:2026-07-06_15-20-36;queue.go:2026-07-06_14-32-38
2026-07-06_15-21-48,0,main.go:2026-07-06_15-21-48;queue.go:2026-07-06_14-32-38
2026-07-06_15-23-25,0,main.go:2026-07-06_15-23-25;queue.go:2026-07-06_14-32-38
2026-07-06_15-23-42,0,main.go:2026-07-06_15-23-42;queue.go:2026-07-06_14-32-38
2026-07-06_15-24-04,100,main.go:2026-07-06_15-24-04;queue.go:2026-07-06_14-32-38
