2026-03-19_11-42-55,0,draft.go:2026-03-19_11-42-55
2026-03-19_11-43-17,0,draft.go:2026-03-19_11-43-17
2026-03-19_11-51-32,0,draft.go:2026-03-19_11-51-32
2026-03-19_11-51-59,0,draft.go:2026-03-19_11-51-59
2026-03-19_11-52-18,0,draft.go:2026-03-19_11-52-18
2026-03-19_11-52-56,0,draft.go:2026-03-19_11-52-56
2026-03-19_11-52-57,0,draft.go:2026-03-19_11-52-56
2026-03-19_11-53-15,0,draft.go:2026-03-19_11-53-15
2026-03-19_11-54-11,0,draft.go:2026-03-19_11-54-11
2026-03-19_12-02-07,0,draft.go:2026-03-19_12-02-07
2026-03-19_12-02-15,0,draft.go:2026-03-19_12-02-15
2026-03-19_12-03-06,0,draft.go:2026-03-19_12-03-06
2026-03-19_12-03-08,0,draft.go:2026-03-19_12-03-06
2026-03-19_12-03-25,0,draft.go:2026-03-19_12-03-25
2026-03-19_12-03-49,0,draft.go:2026-03-19_12-03-49
2026-03-19_12-06-32,0,draft.go:2026-03-19_12-06-32
2026-03-19_12-06-51,0,draft.go:2026-03-19_12-06-51
2026-03-19_12-07-00,0,draft.go:2026-03-19_12-07-00
2026-03-19_12-07-04,0,draft.go:2026-03-19_12-07-04
2026-03-19_12-09-41,0,draft.go:2026-03-19_12-09-41
2026-03-19_12-09-53,0,draft.go:2026-03-19_12-09-53
2026-03-19_12-12-12,0,draft.go:2026-03-19_12-12-12
2026-03-19_12-13-38,0,draft.go:2026-03-19_12-13-38
2026-03-19_12-13-40,0,draft.go:2026-03-19_12-13-38
2026-03-19_12-13-54,0,draft.go:2026-03-19_12-13-54
2026-03-19_12-14-06,0,draft.go:2026-03-19_12-14-06
2026-03-19_12-14-09,0,draft.go:2026-03-19_12-14-06
2026-03-19_12-14-46,0,draft.go:2026-03-19_12-14-46
2026-03-22_14-54-36,0,draft.go:2026-03-19_12-14-46
2026-03-31_16-00-07,0,draft.go:2026-03-19_12-14-46
2026-03-31_16-02-07,0,draft.go:2026-03-19_12-14-46
2026-03-31_16-07-48,0,draft.go:2026-03-31_16-07-48
2026-03-31_16-07-50,0,draft.go:2026-03-31_16-07-48
2026-03-31_16-09-40,0,draft.go:2026-03-31_16-09-40
2026-03-31_16-09-42,0,draft.go:2026-03-31_16-09-40
2026-03-31_16-10-03,0,draft.go:2026-03-31_16-10-03
2026-03-31_16-10-10,0,draft.go:2026-03-31_16-10-10
2026-03-31_16-10-20,0,draft.go:2026-03-31_16-10-20
2026-03-31_16-15-12,0,draft.go:2026-03-31_16-15-12
2026-03-31_16-15-47,0,draft.go:2026-03-31_16-15-47
2026-03-31_16-15-50,0,draft.go:2026-03-31_16-15-47
2026-03-31_16-19-15,0,draft.go:2026-03-31_16-15-47
2026-03-31_16-19-22,0,draft.go:2026-03-31_16-19-22
2026-03-31_16-26-30,0,draft.go:2026-03-31_16-26-30
2026-03-31_16-27-59,0,draft.go:2026-03-31_16-26-30
2026-03-31_16-33-18,0,draft.go:2026-03-31_16-33-18
2026-03-31_16-33-36,0,draft.go:2026-03-31_16-33-36
2026-03-31_16-35-44,0,draft.go:2026-03-31_16-35-44
2026-03-31_16-37-27,0,draft.go:2026-03-31_16-37-27
2026-03-31_16-38-12,0,draft.go:2026-03-31_16-38-12
2026-03-31_16-38-24,100,draft.go:2026-03-31_16-38-24
2026-03-31_16-38-44,100,draft.go:2026-03-31_16-38-24
