2026-04-27_01-06-26,---,draft.go:2026-04-27_01-06-26
2026-04-27_08-56-12,---,draft.go:2026-04-27_01-06-26
2026-04-27_09-05-33,0,draft.go:2026-04-27_09-05-33
2026-04-27_09-05-42,0,draft.go:2026-04-27_09-05-42
2026-04-27_09-05-51,0,draft.go:2026-04-27_09-05-51
2026-04-27_09-05-53,0,draft.go:2026-04-27_09-05-51
2026-04-27_09-06-26,0,draft.go:2026-04-27_09-06-26
2026-04-27_09-06-39,0,draft.go:2026-04-27_09-06-39
2026-04-27_09-06-59,0,draft.go:2026-04-27_09-06-59
2026-04-27_09-07-13,0,draft.go:2026-04-27_09-07-13
2026-04-27_09-07-14,0,draft.go:2026-04-27_09-07-13
2026-04-27_09-07-46,0,draft.go:2026-04-27_09-07-46
2026-04-27_09-08-08,0,draft.go:2026-04-27_09-08-08
2026-04-27_09-08-17,0,draft.go:2026-04-27_09-08-17
2026-04-27_09-08-44,0,draft.go:2026-04-27_09-08-44
2026-04-27_09-09-34,0,draft.go:2026-04-27_09-09-34
2026-04-27_09-09-58,0,draft.go:2026-04-27_09-09-58
2026-04-27_09-12-50,0,draft.go:2026-04-27_09-12-50
2026-04-27_09-12-53,0,draft.go:2026-04-27_09-12-50
2026-04-27_09-12-59,0,draft.go:2026-04-27_09-12-59
2026-04-27_09-13-10,0,draft.go:2026-04-27_09-13-10
2026-04-27_09-15-46,0,draft.go:2026-04-27_09-15-46
2026-04-27_09-15-59,0,draft.go:2026-04-27_09-15-59
2026-04-27_09-16-22,0,draft.go:2026-04-27_09-15-59
2026-04-27_09-18-31,0,draft.go:2026-04-27_09-18-31
2026-04-27_09-21-26,0,draft.go:2026-04-27_09-21-26
2026-04-27_09-21-44,0,draft.go:2026-04-27_09-21-44
2026-04-27_09-21-56,100,draft.go:2026-04-27_09-21-56
