2026-03-17_20-56-33,0,draft.go:2026-03-17_20-56-33
2026-03-17_21-16-43,0,draft.go:2026-03-17_21-16-43
2026-03-17_21-17-00,0,draft.go:2026-03-17_21-17-00
2026-03-17_21-18-08,0,draft.go:2026-03-17_21-18-08
2026-03-17_21-18-28,25,draft.go:2026-03-17_21-18-28
2026-03-17_21-20-23,0,draft.go:2026-03-17_21-20-23
2026-03-17_21-21-51,0,draft.go:2026-03-17_21-21-51
2026-03-17_21-22-07,0,draft.go:2026-03-17_21-22-07
2026-03-17_21-22-26,0,draft.go:2026-03-17_21-22-26
2026-03-17_21-23-05,0,draft.go:2026-03-17_21-23-05
2026-03-17_21-23-16,0,draft.go:2026-03-17_21-23-16
2026-03-17_21-23-30,0,draft.go:2026-03-17_21-23-30
2026-03-17_21-23-39,0,draft.go:2026-03-17_21-23-39
2026-03-17_21-24-36,0,draft.go:2026-03-17_21-24-36
2026-03-17_21-24-49,0,draft.go:2026-03-17_21-24-49
2026-03-17_21-25-09,0,draft.go:2026-03-17_21-25-09
2026-03-17_21-25-17,75,draft.go:2026-03-17_21-25-17
2026-03-17_21-26-39,75,draft.go:2026-03-17_21-26-39
2026-03-17_21-33-17,100,draft.go:2026-03-17_21-33-17
2026-03-31_15-58-09,---,draft.go:2026-03-17_21-33-17
