2026-03-23_16-38-06,---,draft.go:2026-03-23_16-38-06
2026-03-23_16-42-54,0,draft.go:2026-03-23_16-42-54
2026-03-23_16-43-58,0,draft.go:2026-03-23_16-43-58
2026-03-23_16-43-59,0,draft.go:2026-03-23_16-43-58
2026-03-23_16-44-20,0,draft.go:2026-03-23_16-44-20
2026-03-23_16-44-21,0,draft.go:2026-03-23_16-44-20
2026-03-23_16-44-43,0,draft.go:2026-03-23_16-44-43
2026-03-23_16-44-45,0,draft.go:2026-03-23_16-44-43
2026-03-23_16-44-51,0,draft.go:2026-03-23_16-44-51
2026-03-23_16-45-08,0,draft.go:2026-03-23_16-45-08
2026-03-23_16-45-19,0,draft.go:2026-03-23_16-45-19
2026-03-23_16-45-42,0,draft.go:2026-03-23_16-45-42
2026-03-23_16-46-30,0,draft.go:2026-03-23_16-46-30
2026-03-23_16-47-17,0,draft.go:2026-03-23_16-47-17
2026-03-23_16-47-29,0,draft.go:2026-03-23_16-47-29
2026-03-23_16-47-55,0,draft.go:2026-03-23_16-47-55
2026-03-23_16-48-14,0,draft.go:2026-03-23_16-48-14
2026-03-23_16-48-32,0,draft.go:2026-03-23_16-48-32
2026-03-23_16-48-32,0,draft.go:2026-03-23_16-48-32
2026-03-23_16-48-49,0,draft.go:2026-03-23_16-48-49
2026-03-23_16-48-58,0,draft.go:2026-03-23_16-48-58
2026-03-23_16-48-59,0,draft.go:2026-03-23_16-48-58
2026-03-31_10-02-35,0,draft.go:2026-03-31_10-02-35
2026-03-31_10-03-51,0,draft.go:2026-03-31_10-03-51
2026-03-31_10-14-04,0,draft.go:2026-03-31_10-14-04
2026-03-31_10-14-38,0,draft.go:2026-03-31_10-14-38
2026-03-31_10-14-41,0,draft.go:2026-03-31_10-14-38
2026-03-31_10-14-46,0,draft.go:2026-03-31_10-14-46
2026-03-31_10-15-06,0,draft.go:2026-03-31_10-15-06
2026-03-31_10-15-28,0,draft.go:2026-03-31_10-15-28
2026-03-31_10-16-01,0,draft.go:2026-03-31_10-16-01
2026-03-31_10-16-13,0,draft.go:2026-03-31_10-16-13
2026-03-31_10-16-21,0,draft.go:2026-03-31_10-16-21
2026-03-31_10-16-39,0,draft.go:2026-03-31_10-16-39
2026-03-31_10-16-49,0,draft.go:2026-03-31_10-16-49
2026-03-31_10-16-50,0,draft.go:2026-03-31_10-16-49
2026-03-31_10-16-50,0,draft.go:2026-03-31_10-16-49
2026-03-31_10-16-51,0,draft.go:2026-03-31_10-16-49
2026-03-31_10-17-01,0,draft.go:2026-03-31_10-17-01
2026-03-31_10-17-48,0,draft.go:2026-03-31_10-17-48
2026-03-31_10-18-35,0,draft.go:2026-03-31_10-18-35
2026-03-31_10-19-53,0,draft.go:2026-03-31_10-19-53
2026-03-31_10-20-23,0,draft.go:2026-03-31_10-20-23
2026-03-31_10-20-43,0,draft.go:2026-03-31_10-20-23
2026-03-31_10-21-57,0,draft.go:2026-03-31_10-20-23
2026-03-31_10-23-26,0,draft.go:2026-03-31_10-20-23
2026-03-31_10-23-43,0,draft.go:2026-03-31_10-20-23
2026-03-31_10-24-06,0,draft.go:2026-03-31_10-24-06
2026-03-31_10-24-19,0,draft.go:2026-03-31_10-24-19
2026-03-31_15-53-11,100,draft.go:2026-03-31_15-53-11
2026-03-31_16-41-57,100,draft.go:2026-03-31_15-53-11
2026-03-31_16-41-59,100,draft.go:2026-03-31_15-53-11
