2026-04-10_10-55-49,---,main.go:2026-04-10_10-55-49
2026-04-10_11-14-01,0,main.go:2026-04-10_11-14-01
2026-04-10_11-14-28,0,main.go:2026-04-10_11-14-28
2026-04-10_11-16-22,0,main.go:2026-04-10_11-16-22
2026-04-10_11-16-34,0,main.go:2026-04-10_11-16-34
2026-04-10_11-17-18,0,main.go:2026-04-10_11-17-18
2026-04-10_11-19-08,0,main.go:2026-04-10_11-19-08
2026-04-10_11-19-22,0,main.go:2026-04-10_11-19-22
2026-04-10_11-19-32,0,main.go:2026-04-10_11-19-32
2026-04-10_11-19-42,0,main.go:2026-04-10_11-19-42
2026-04-10_11-19-52,0,main.go:2026-04-10_11-19-52
2026-04-10_11-20-53,0,main.go:2026-04-10_11-20-53
2026-04-10_11-21-03,0,main.go:2026-04-10_11-21-03
2026-04-10_11-22-32,16,main.go:2026-04-10_11-22-32
2026-04-10_11-24-29,0,main.go:2026-04-10_11-24-29
2026-04-10_11-25-36,0,main.go:2026-04-10_11-25-36
2026-04-10_11-26-09,0,main.go:2026-04-10_11-26-09
2026-04-10_11-26-21,0,main.go:2026-04-10_11-26-21
2026-04-10_11-26-51,16,main.go:2026-04-10_11-26-51
2026-04-10_11-27-01,16,main.go:2026-04-10_11-26-51
2026-04-10_11-27-19,16,main.go:2026-04-10_11-27-19
2026-04-10_11-27-49,33,main.go:2026-04-10_11-27-49
2026-04-10_11-29-01,0,main.go:2026-04-10_11-29-01
2026-04-10_11-29-09,0,main.go:2026-04-10_11-29-09
2026-04-10_11-29-18,0,main.go:2026-04-10_11-29-18
2026-04-10_13-37-37,33,main.go:2026-04-10_13-37-37
2026-04-10_13-42-11,0,main.go:2026-04-10_13-42-11
2026-04-10_13-42-29,33,main.go:2026-04-10_13-42-29
2026-04-10_13-47-04,33,main.go:2026-04-10_13-47-04
2026-04-10_13-52-03,50,main.go:2026-04-10_13-52-03
2026-04-10_13-56-38,0,main.go:2026-04-10_13-56-38
2026-04-10_13-56-50,66,main.go:2026-04-10_13-56-50
2026-04-10_13-59-57,0,main.go:2026-04-10_13-59-57
2026-04-10_14-00-08,0,main.go:2026-04-10_14-00-08
2026-04-10_14-00-24,66,main.go:2026-04-10_14-00-24
2026-04-10_14-00-33,50,main.go:2026-04-10_14-00-33
2026-04-10_14-00-59,83,main.go:2026-04-10_14-00-59
2026-04-10_14-14-38,0,main.go:2026-04-10_14-14-38
2026-04-10_14-15-36,0,main.go:2026-04-10_14-15-36
2026-04-10_14-18-52,0,main.go:2026-04-10_14-18-52
2026-04-10_14-20-14,0,main.go:2026-04-10_14-20-14
2026-04-10_14-20-21,0,main.go:2026-04-10_14-20-14
2026-04-10_14-20-53,0,main.go:2026-04-10_14-20-53
2026-04-10_14-23-14,0,main.go:2026-04-10_14-23-14
2026-04-10_14-23-30,0,main.go:2026-04-10_14-23-30
2026-04-10_14-24-04,0,main.go:2026-04-10_14-24-04
2026-04-10_14-24-23,0,main.go:2026-04-10_14-24-23
2026-04-10_14-25-36,83,main.go:2026-04-10_14-25-36
2026-04-10_14-28-25,83,main.go:2026-04-10_14-28-25
2026-04-10_14-28-59,83,main.go:2026-04-10_14-28-59
2026-04-10_14-31-06,100,main.go:2026-04-10_14-31-06
