2026-04-06_15-49-46,---,main.go:2026-04-06_15-49-46;pen.go:2026-04-06_15-49-46
2026-04-07_16-00-30,0,main.go:2026-04-07_16-00-30;pen.go:2026-04-06_15-49-46
2026-04-07_16-00-47,0,main.go:2026-04-07_16-00-47;pen.go:2026-04-06_15-49-46
2026-04-07_16-00-58,0,main.go:2026-04-07_16-00-58;pen.go:2026-04-06_15-49-46
2026-04-07_16-01-29,0,main.go:2026-04-07_16-01-29;pen.go:2026-04-06_15-49-46
2026-04-07_16-01-38,0,main.go:2026-04-07_16-01-38;pen.go:2026-04-06_15-49-46
2026-04-07_16-01-47,0,main.go:2026-04-07_16-01-47;pen.go:2026-04-06_15-49-46
2026-04-07_16-01-54,0,main.go:2026-04-07_16-01-54;pen.go:2026-04-06_15-49-46
2026-04-07_16-02-10,0,main.go:2026-04-07_16-02-10;pen.go:2026-04-06_15-49-46
2026-04-07_16-02-49,0,main.go:2026-04-07_16-02-49;pen.go:2026-04-06_15-49-46
2026-04-07_16-03-03,0,main.go:2026-04-07_16-03-03;pen.go:2026-04-06_15-49-46
2026-04-07_16-03-15,0,main.go:2026-04-07_16-03-15;pen.go:2026-04-06_15-49-46
2026-04-07_16-03-52,0,main.go:2026-04-07_16-03-52;pen.go:2026-04-06_15-49-46
2026-04-07_16-04-06,0,main.go:2026-04-07_16-04-06;pen.go:2026-04-06_15-49-46
2026-04-07_16-04-17,0,main.go:2026-04-07_16-04-17;pen.go:2026-04-06_15-49-46
2026-04-07_16-04-31,0,main.go:2026-04-07_16-04-31;pen.go:2026-04-06_15-49-46
2026-04-07_16-04-43,0,main.go:2026-04-07_16-04-43;pen.go:2026-04-06_15-49-46
2026-04-07_16-06-25,0,main.go:2026-04-07_16-06-25;pen.go:2026-04-06_15-49-46
2026-04-07_16-08-48,0,main.go:2026-04-07_16-08-48;pen.go:2026-04-06_15-49-46
2026-04-07_16-09-14,0,main.go:2026-04-07_16-09-14;pen.go:2026-04-06_15-49-46
2026-04-07_16-09-23,0,main.go:2026-04-07_16-09-23;pen.go:2026-04-06_15-49-46
2026-04-07_16-10-58,0,main.go:2026-04-07_16-10-58;pen.go:2026-04-06_15-49-46
2026-04-07_16-11-38,0,main.go:2026-04-07_16-11-38;pen.go:2026-04-06_15-49-46
2026-04-07_16-11-48,0,main.go:2026-04-07_16-11-48;pen.go:2026-04-06_15-49-46
2026-04-07_16-13-08,0,main.go:2026-04-07_16-13-08;pen.go:2026-04-06_15-49-46
2026-04-07_16-13-40,0,main.go:2026-04-07_16-13-40;pen.go:2026-04-06_15-49-46
2026-04-07_16-15-24,0,main.go:2026-04-07_16-15-24;pen.go:2026-04-06_15-49-46
2026-04-07_16-16-01,0,main.go:2026-04-07_16-16-01;pen.go:2026-04-06_15-49-46
2026-04-07_16-16-26,0,main.go:2026-04-07_16-16-26;pen.go:2026-04-06_15-49-46
2026-04-07_16-17-54,0,main.go:2026-04-07_16-17-54;pen.go:2026-04-06_15-49-46
2026-04-07_16-18-06,0,main.go:2026-04-07_16-18-06;pen.go:2026-04-06_15-49-46
2026-04-07_16-21-01,0,main.go:2026-04-07_16-21-01;pen.go:2026-04-06_15-49-46
2026-04-07_16-21-26,0,main.go:2026-04-07_16-21-26;pen.go:2026-04-06_15-49-46
2026-04-07_16-21-42,0,main.go:2026-04-07_16-21-42;pen.go:2026-04-06_15-49-46
2026-04-07_16-21-53,0,main.go:2026-04-07_16-21-53;pen.go:2026-04-06_15-49-46
2026-04-07_16-23-02,0,main.go:2026-04-07_16-23-02;pen.go:2026-04-06_15-49-46
2026-04-07_16-23-29,0,main.go:2026-04-07_16-23-29;pen.go:2026-04-06_15-49-46
2026-04-07_16-24-34,0,main.go:2026-04-07_16-24-34;pen.go:2026-04-06_15-49-46
2026-04-07_16-24-34,0,main.go:2026-04-07_16-24-34;pen.go:2026-04-06_15-49-46
2026-04-07_16-24-42,0,main.go:2026-04-07_16-24-42;pen.go:2026-04-06_15-49-46
2026-04-07_16-25-00,0,main.go:2026-04-07_16-25-00;pen.go:2026-04-06_15-49-46
2026-04-07_16-25-33,0,main.go:2026-04-07_16-25-33;pen.go:2026-04-06_15-49-46
2026-04-07_16-25-44,0,main.go:2026-04-07_16-25-44;pen.go:2026-04-06_15-49-46
2026-04-07_16-25-56,0,main.go:2026-04-07_16-25-56;pen.go:2026-04-06_15-49-46
2026-04-07_16-26-03,0,main.go:2026-04-07_16-26-03;pen.go:2026-04-06_15-49-46
2026-04-07_16-26-18,0,main.go:2026-04-07_16-26-18;pen.go:2026-04-06_15-49-46
2026-04-07_16-26-33,0,main.go:2026-04-07_16-26-18;pen.go:2026-04-06_15-49-46
2026-04-07_16-27-04,0,main.go:2026-04-07_16-26-18;pen.go:2026-04-06_15-49-46
2026-04-07_16-27-05,0,main.go:2026-04-07_16-26-18;pen.go:2026-04-06_15-49-46
2026-04-07_16-27-12,0,main.go:2026-04-07_16-27-12;pen.go:2026-04-06_15-49-46
2026-04-07_16-27-30,0,main.go:2026-04-07_16-27-30;pen.go:2026-04-06_15-49-46
2026-04-07_16-27-37,0,main.go:2026-04-07_16-27-37;pen.go:2026-04-06_15-49-46
2026-04-07_16-27-45,0,main.go:2026-04-07_16-27-45;pen.go:2026-04-06_15-49-46
2026-04-07_16-28-41,0,main.go:2026-04-07_16-28-41;pen.go:2026-04-06_15-49-46
2026-04-07_16-28-48,0,main.go:2026-04-07_16-28-48;pen.go:2026-04-06_15-49-46
2026-04-07_16-29-06,0,main.go:2026-04-07_16-29-06;pen.go:2026-04-06_15-49-46
2026-04-07_16-29-14,0,main.go:2026-04-07_16-29-14;pen.go:2026-04-06_15-49-46
2026-04-07_16-29-21,0,main.go:2026-04-07_16-29-21;pen.go:2026-04-06_15-49-46
2026-04-07_16-29-31,0,main.go:2026-04-07_16-29-31;pen.go:2026-04-06_15-49-46
2026-04-07_16-29-58,0,main.go:2026-04-07_16-29-58;pen.go:2026-04-06_15-49-46
2026-04-07_16-30-11,0,main.go:2026-04-07_16-30-11;pen.go:2026-04-06_15-49-46
2026-04-07_16-30-24,0,main.go:2026-04-07_16-30-24;pen.go:2026-04-06_15-49-46
2026-04-07_16-34-35,0,main.go:2026-04-07_16-34-35;pen.go:2026-04-06_15-49-46
2026-04-07_16-35-23,0,main.go:2026-04-07_16-35-23;pen.go:2026-04-06_15-49-46
2026-04-07_16-35-37,0,main.go:2026-04-07_16-35-37;pen.go:2026-04-06_15-49-46
2026-04-07_16-35-46,0,main.go:2026-04-07_16-35-46;pen.go:2026-04-06_15-49-46
2026-04-07_16-35-51,0,main.go:2026-04-07_16-35-46;pen.go:2026-04-06_15-49-46
2026-04-07_16-36-05,0,main.go:2026-04-07_16-36-05;pen.go:2026-04-06_15-49-46
2026-04-07_16-36-39,0,main.go:2026-04-07_16-36-39;pen.go:2026-04-06_15-49-46
2026-04-07_16-37-16,0,main.go:2026-04-07_16-37-16;pen.go:2026-04-06_15-49-46
2026-04-07_16-37-50,0,main.go:2026-04-07_16-37-16;pen.go:2026-04-06_15-49-46
2026-04-07_16-38-33,0,main.go:2026-04-07_16-37-16;pen.go:2026-04-06_15-49-46
2026-04-07_16-38-42,0,main.go:2026-04-07_16-38-42;pen.go:2026-04-06_15-49-46
2026-04-07_16-38-51,0,main.go:2026-04-07_16-38-51;pen.go:2026-04-06_15-49-46
2026-04-07_16-39-35,0,main.go:2026-04-07_16-39-35;pen.go:2026-04-06_15-49-46
2026-04-07_16-39-36,0,main.go:2026-04-07_16-39-35;pen.go:2026-04-06_15-49-46
2026-04-07_16-39-43,0,main.go:2026-04-07_16-39-43;pen.go:2026-04-06_15-49-46
2026-04-07_16-39-45,0,main.go:2026-04-07_16-39-43;pen.go:2026-04-06_15-49-46
2026-04-07_16-39-46,0,main.go:2026-04-07_16-39-43;pen.go:2026-04-06_15-49-46
2026-04-07_16-39-56,0,main.go:2026-04-07_16-39-56;pen.go:2026-04-06_15-49-46
2026-04-07_16-40-59,0,main.go:2026-04-07_16-40-59;pen.go:2026-04-06_15-49-46
2026-04-07_16-42-02,0,main.go:2026-04-07_16-42-02;pen.go:2026-04-06_15-49-46
2026-04-07_16-42-03,0,main.go:2026-04-07_16-42-02;pen.go:2026-04-06_15-49-46
2026-04-07_16-42-10,0,main.go:2026-04-07_16-42-10;pen.go:2026-04-06_15-49-46
2026-04-07_16-42-51,0,main.go:2026-04-07_16-42-51;pen.go:2026-04-06_15-49-46
2026-04-07_16-43-00,0,main.go:2026-04-07_16-43-00;pen.go:2026-04-06_15-49-46
2026-04-07_16-43-05,0,main.go:2026-04-07_16-43-05;pen.go:2026-04-06_15-49-46
2026-04-07_16-44-02,0,main.go:2026-04-07_16-44-02;pen.go:2026-04-06_15-49-46
2026-04-07_16-44-56,0,main.go:2026-04-07_16-44-56;pen.go:2026-04-06_15-49-46
2026-04-07_16-45-11,0,main.go:2026-04-07_16-45-11;pen.go:2026-04-06_15-49-46
2026-04-07_16-46-06,0,main.go:2026-04-07_16-46-06;pen.go:2026-04-06_15-49-46
2026-04-07_16-46-16,0,main.go:2026-04-07_16-46-16;pen.go:2026-04-06_15-49-46
2026-04-07_16-46-29,0,main.go:2026-04-07_16-46-16;pen.go:2026-04-06_15-49-46
2026-04-07_16-46-34,0,main.go:2026-04-07_16-46-34;pen.go:2026-04-06_15-49-46
2026-04-07_16-46-48,0,main.go:2026-04-07_16-46-48;pen.go:2026-04-06_15-49-46
2026-04-07_16-47-01,0,main.go:2026-04-07_16-47-01;pen.go:2026-04-06_15-49-46
2026-04-07_16-47-08,0,main.go:2026-04-07_16-47-08;pen.go:2026-04-06_15-49-46
2026-04-09_23-07-17,0,main.go:2026-04-09_23-07-17;pen.go:2026-04-06_15-49-46
2026-04-09_23-07-26,0,main.go:2026-04-09_23-07-26;pen.go:2026-04-06_15-49-46
2026-04-09_23-07-35,0,main.go:2026-04-09_23-07-35;pen.go:2026-04-06_15-49-46
2026-04-09_23-09-35,0,main.go:2026-04-09_23-09-35;pen.go:2026-04-06_15-49-46
2026-04-09_23-09-59,0,main.go:2026-04-09_23-09-59;pen.go:2026-04-06_15-49-46
2026-04-09_23-10-13,0,main.go:2026-04-09_23-10-13;pen.go:2026-04-06_15-49-46
2026-04-09_23-10-24,0,main.go:2026-04-09_23-10-24;pen.go:2026-04-06_15-49-46
2026-04-09_23-10-47,0,main.go:2026-04-09_23-10-47;pen.go:2026-04-06_15-49-46
2026-04-09_23-10-55,0,main.go:2026-04-09_23-10-47;pen.go:2026-04-06_15-49-46
2026-04-09_23-11-05,0,main.go:2026-04-09_23-11-05;pen.go:2026-04-06_15-49-46
2026-04-09_23-11-15,0,main.go:2026-04-09_23-11-15;pen.go:2026-04-06_15-49-46
2026-04-09_23-12-27,0,main.go:2026-04-09_23-12-27;pen.go:2026-04-06_15-49-46
2026-04-09_23-12-53,0,main.go:2026-04-09_23-12-53;pen.go:2026-04-06_15-49-46
2026-04-09_23-13-00,0,main.go:2026-04-09_23-13-00;pen.go:2026-04-06_15-49-46
2026-04-09_23-13-16,0,main.go:2026-04-09_23-13-16;pen.go:2026-04-06_15-49-46
2026-04-09_23-13-18,0,main.go:2026-04-09_23-13-16;pen.go:2026-04-06_15-49-46
2026-04-09_23-13-29,0,main.go:2026-04-09_23-13-29;pen.go:2026-04-06_15-49-46
2026-04-09_23-13-43,0,main.go:2026-04-09_23-13-43;pen.go:2026-04-06_15-49-46
2026-04-09_23-13-46,0,main.go:2026-04-09_23-13-43;pen.go:2026-04-06_15-49-46
2026-04-09_23-13-59,0,main.go:2026-04-09_23-13-59;pen.go:2026-04-06_15-49-46
2026-04-09_23-14-09,0,main.go:2026-04-09_23-14-09;pen.go:2026-04-06_15-49-46
2026-04-09_23-14-16,0,main.go:2026-04-09_23-14-16;pen.go:2026-04-06_15-49-46
2026-04-09_23-14-31,0,main.go:2026-04-09_23-14-31;pen.go:2026-04-06_15-49-46
2026-04-09_23-14-41,0,main.go:2026-04-09_23-14-41;pen.go:2026-04-06_15-49-46
2026-04-09_23-14-54,0,main.go:2026-04-09_23-14-54;pen.go:2026-04-06_15-49-46
2026-04-09_23-15-15,0,main.go:2026-04-09_23-15-15;pen.go:2026-04-06_15-49-46
2026-04-09_23-15-24,0,main.go:2026-04-09_23-15-24;pen.go:2026-04-06_15-49-46
2026-04-09_23-15-34,0,main.go:2026-04-09_23-15-34;pen.go:2026-04-06_15-49-46
2026-04-09_23-15-44,0,main.go:2026-04-09_23-15-44;pen.go:2026-04-06_15-49-46
2026-04-09_23-15-52,0,main.go:2026-04-09_23-15-52;pen.go:2026-04-06_15-49-46
2026-04-09_23-16-03,0,main.go:2026-04-09_23-16-03;pen.go:2026-04-06_15-49-46
2026-04-09_23-16-41,0,main.go:2026-04-09_23-16-41;pen.go:2026-04-06_15-49-46
2026-04-09_23-16-53,0,main.go:2026-04-09_23-16-53;pen.go:2026-04-06_15-49-46
2026-04-09_23-17-00,0,main.go:2026-04-09_23-17-00;pen.go:2026-04-06_15-49-46
2026-04-09_23-17-32,0,main.go:2026-04-09_23-17-32;pen.go:2026-04-06_15-49-46
2026-04-09_23-18-08,0,main.go:2026-04-09_23-18-08;pen.go:2026-04-06_15-49-46
2026-04-09_23-18-16,0,main.go:2026-04-09_23-18-16;pen.go:2026-04-06_15-49-46
2026-04-09_23-18-25,0,main.go:2026-04-09_23-18-25;pen.go:2026-04-06_15-49-46
2026-04-09_23-18-39,0,main.go:2026-04-09_23-18-39;pen.go:2026-04-06_15-49-46
2026-04-09_23-18-47,0,main.go:2026-04-09_23-18-47;pen.go:2026-04-06_15-49-46
2026-04-09_23-18-54,0,main.go:2026-04-09_23-18-54;pen.go:2026-04-06_15-49-46
2026-04-09_23-19-22,0,main.go:2026-04-09_23-19-22;pen.go:2026-04-06_15-49-46
2026-04-09_23-19-28,0,main.go:2026-04-09_23-19-28;pen.go:2026-04-06_15-49-46
2026-04-09_23-19-35,0,main.go:2026-04-09_23-19-35;pen.go:2026-04-06_15-49-46
2026-04-09_23-19-45,0,main.go:2026-04-09_23-19-45;pen.go:2026-04-06_15-49-46
2026-04-09_23-20-09,0,main.go:2026-04-09_23-20-09;pen.go:2026-04-06_15-49-46
2026-04-09_23-20-15,0,main.go:2026-04-09_23-20-15;pen.go:2026-04-06_15-49-46
2026-04-09_23-20-22,0,main.go:2026-04-09_23-20-22;pen.go:2026-04-06_15-49-46
2026-04-09_23-20-29,0,main.go:2026-04-09_23-20-29;pen.go:2026-04-06_15-49-46
2026-04-09_23-20-40,0,main.go:2026-04-09_23-20-40;pen.go:2026-04-06_15-49-46
2026-04-09_23-20-50,0,main.go:2026-04-09_23-20-50;pen.go:2026-04-06_15-49-46
2026-04-09_23-21-00,0,main.go:2026-04-09_23-21-00;pen.go:2026-04-06_15-49-46
2026-04-09_23-21-12,0,main.go:2026-04-09_23-21-12;pen.go:2026-04-06_15-49-46
2026-04-09_23-21-27,0,main.go:2026-04-09_23-21-27;pen.go:2026-04-06_15-49-46
2026-04-09_23-21-33,0,main.go:2026-04-09_23-21-33;pen.go:2026-04-06_15-49-46
2026-04-09_23-21-41,0,main.go:2026-04-09_23-21-41;pen.go:2026-04-06_15-49-46
2026-04-09_23-21-49,0,main.go:2026-04-09_23-21-49;pen.go:2026-04-06_15-49-46
2026-04-09_23-21-58,0,main.go:2026-04-09_23-21-58;pen.go:2026-04-06_15-49-46
2026-04-09_23-22-03,0,main.go:2026-04-09_23-22-03;pen.go:2026-04-06_15-49-46
2026-04-09_23-22-39,0,main.go:2026-04-09_23-22-39;pen.go:2026-04-06_15-49-46
2026-04-09_23-23-03,0,main.go:2026-04-09_23-23-03;pen.go:2026-04-06_15-49-46
2026-04-09_23-23-11,0,main.go:2026-04-09_23-23-11;pen.go:2026-04-06_15-49-46
2026-04-09_23-23-19,0,main.go:2026-04-09_23-23-19;pen.go:2026-04-06_15-49-46
2026-04-09_23-23-30,0,main.go:2026-04-09_23-23-30;pen.go:2026-04-06_15-49-46
2026-04-09_23-23-38,0,main.go:2026-04-09_23-23-38;pen.go:2026-04-06_15-49-46
2026-04-09_23-23-45,0,main.go:2026-04-09_23-23-45;pen.go:2026-04-06_15-49-46
2026-04-09_23-23-53,0,main.go:2026-04-09_23-23-53;pen.go:2026-04-06_15-49-46
2026-04-09_23-24-03,0,main.go:2026-04-09_23-24-03;pen.go:2026-04-06_15-49-46
2026-04-09_23-24-30,0,main.go:2026-04-09_23-24-30;pen.go:2026-04-06_15-49-46
2026-04-09_23-24-54,0,main.go:2026-04-09_23-24-54;pen.go:2026-04-06_15-49-46
2026-04-09_23-24-59,0,main.go:2026-04-09_23-24-54;pen.go:2026-04-06_15-49-46
2026-04-09_23-25-22,0,main.go:2026-04-09_23-25-22;pen.go:2026-04-06_15-49-46
2026-04-09_23-25-25,0,main.go:2026-04-09_23-25-22;pen.go:2026-04-06_15-49-46
2026-04-09_23-25-35,0,main.go:2026-04-09_23-25-35;pen.go:2026-04-06_15-49-46
2026-04-09_23-25-42,0,main.go:2026-04-09_23-25-42;pen.go:2026-04-06_15-49-46
2026-04-09_23-26-03,0,main.go:2026-04-09_23-26-03;pen.go:2026-04-06_15-49-46
2026-04-09_23-26-12,0,main.go:2026-04-09_23-26-12;pen.go:2026-04-06_15-49-46
2026-04-09_23-26-18,0,main.go:2026-04-09_23-26-18;pen.go:2026-04-06_15-49-46
2026-04-09_23-26-25,0,main.go:2026-04-09_23-26-25;pen.go:2026-04-06_15-49-46
2026-04-09_23-26-32,0,main.go:2026-04-09_23-26-32;pen.go:2026-04-06_15-49-46
2026-04-09_23-26-42,0,main.go:2026-04-09_23-26-42;pen.go:2026-04-06_15-49-46
2026-04-09_23-27-01,0,main.go:2026-04-09_23-27-01;pen.go:2026-04-06_15-49-46
2026-04-09_23-27-11,0,main.go:2026-04-09_23-27-11;pen.go:2026-04-06_15-49-46
2026-04-09_23-27-20,0,main.go:2026-04-09_23-27-20;pen.go:2026-04-06_15-49-46
2026-04-09_23-27-27,0,main.go:2026-04-09_23-27-27;pen.go:2026-04-06_15-49-46
2026-04-09_23-27-36,0,main.go:2026-04-09_23-27-36;pen.go:2026-04-06_15-49-46
2026-04-09_23-27-43,0,main.go:2026-04-09_23-27-43;pen.go:2026-04-06_15-49-46
2026-04-09_23-28-21,0,main.go:2026-04-09_23-28-21;pen.go:2026-04-06_15-49-46
2026-04-09_23-28-45,0,main.go:2026-04-09_23-28-45;pen.go:2026-04-06_15-49-46
2026-04-09_23-29-04,0,main.go:2026-04-09_23-29-04;pen.go:2026-04-06_15-49-46
2026-04-09_23-29-11,0,main.go:2026-04-09_23-29-11;pen.go:2026-04-06_15-49-46
2026-04-09_23-29-40,0,main.go:2026-04-09_23-29-40;pen.go:2026-04-06_15-49-46
2026-04-09_23-29-44,0,main.go:2026-04-09_23-29-40;pen.go:2026-04-06_15-49-46
2026-04-09_23-29-54,0,main.go:2026-04-09_23-29-54;pen.go:2026-04-06_15-49-46
2026-04-09_23-30-22,0,main.go:2026-04-09_23-30-22;pen.go:2026-04-06_15-49-46
2026-04-09_23-39-14,0,main.go:2026-04-09_23-39-14;pen.go:2026-04-06_15-49-46
2026-04-09_23-39-28,0,main.go:2026-04-09_23-39-28;pen.go:2026-04-06_15-49-46
2026-04-09_23-39-35,0,main.go:2026-04-09_23-39-35;pen.go:2026-04-06_15-49-46
2026-04-09_23-39-43,0,main.go:2026-04-09_23-39-43;pen.go:2026-04-06_15-49-46
2026-04-09_23-39-49,0,main.go:2026-04-09_23-39-49;pen.go:2026-04-06_15-49-46
2026-04-09_23-40-00,0,main.go:2026-04-09_23-40-00;pen.go:2026-04-06_15-49-46
2026-04-09_23-40-12,0,main.go:2026-04-09_23-40-12;pen.go:2026-04-06_15-49-46
2026-04-09_23-40-19,0,main.go:2026-04-09_23-40-19;pen.go:2026-04-06_15-49-46
2026-04-09_23-40-28,0,main.go:2026-04-09_23-40-28;pen.go:2026-04-06_15-49-46
2026-04-09_23-40-34,0,main.go:2026-04-09_23-40-34;pen.go:2026-04-06_15-49-46
2026-04-09_23-40-58,0,main.go:2026-04-09_23-40-58;pen.go:2026-04-06_15-49-46
2026-04-09_23-41-14,0,main.go:2026-04-09_23-41-14;pen.go:2026-04-06_15-49-46
2026-04-09_23-41-24,0,main.go:2026-04-09_23-41-24;pen.go:2026-04-06_15-49-46
2026-04-09_23-41-30,0,main.go:2026-04-09_23-41-30;pen.go:2026-04-06_15-49-46
2026-04-09_23-41-39,0,main.go:2026-04-09_23-41-39;pen.go:2026-04-06_15-49-46
2026-04-10_08-38-21,0,main.go:2026-04-10_08-38-21;pen.go:2026-04-06_15-49-46
2026-04-10_08-38-23,0,main.go:2026-04-10_08-38-21;pen.go:2026-04-06_15-49-46
2026-04-10_08-38-24,0,main.go:2026-04-10_08-38-21;pen.go:2026-04-06_15-49-46
2026-04-10_08-38-56,0,main.go:2026-04-10_08-38-56;pen.go:2026-04-06_15-49-46
2026-04-10_08-39-10,0,main.go:2026-04-10_08-39-10;pen.go:2026-04-06_15-49-46
2026-04-10_08-39-21,0,main.go:2026-04-10_08-39-21;pen.go:2026-04-06_15-49-46
2026-04-10_08-39-53,0,main.go:2026-04-10_08-39-53;pen.go:2026-04-06_15-49-46
2026-04-10_08-40-54,0,main.go:2026-04-10_08-40-54;pen.go:2026-04-06_15-49-46
2026-04-10_08-42-09,0,main.go:2026-04-10_08-42-09;pen.go:2026-04-06_15-49-46
2026-04-10_08-42-27,0,main.go:2026-04-10_08-42-27;pen.go:2026-04-06_15-49-46
2026-04-10_08-42-39,0,main.go:2026-04-10_08-42-39;pen.go:2026-04-06_15-49-46
2026-04-10_08-42-47,0,main.go:2026-04-10_08-42-47;pen.go:2026-04-06_15-49-46
2026-04-10_08-43-13,0,main.go:2026-04-10_08-43-13;pen.go:2026-04-06_15-49-46
2026-04-10_08-43-26,0,main.go:2026-04-10_08-43-26;pen.go:2026-04-06_15-49-46
2026-04-10_08-43-35,0,main.go:2026-04-10_08-43-35;pen.go:2026-04-06_15-49-46
2026-04-10_08-43-41,0,main.go:2026-04-10_08-43-41;pen.go:2026-04-06_15-49-46
2026-04-10_08-51-38,0,main.go:2026-04-10_08-51-38;pen.go:2026-04-06_15-49-46
2026-04-10_08-51-47,0,main.go:2026-04-10_08-51-47;pen.go:2026-04-06_15-49-46
2026-04-10_08-51-50,0,main.go:2026-04-10_08-51-47;pen.go:2026-04-06_15-49-46
2026-04-10_08-52-12,0,main.go:2026-04-10_08-52-12;pen.go:2026-04-06_15-49-46
2026-04-10_08-52-35,0,main.go:2026-04-10_08-52-35;pen.go:2026-04-06_15-49-46
2026-04-10_08-52-47,0,main.go:2026-04-10_08-52-47;pen.go:2026-04-06_15-49-46
2026-04-10_08-52-56,0,main.go:2026-04-10_08-52-56;pen.go:2026-04-06_15-49-46
2026-04-10_08-53-32,0,main.go:2026-04-10_08-53-32;pen.go:2026-04-06_15-49-46
2026-04-10_08-53-46,0,main.go:2026-04-10_08-53-46;pen.go:2026-04-06_15-49-46
2026-04-10_08-53-57,0,main.go:2026-04-10_08-53-57;pen.go:2026-04-06_15-49-46
2026-04-10_08-54-10,0,main.go:2026-04-10_08-54-10;pen.go:2026-04-06_15-49-46
2026-04-10_08-54-18,0,main.go:2026-04-10_08-54-18;pen.go:2026-04-06_15-49-46
2026-04-10_08-55-14,0,main.go:2026-04-10_08-55-14;pen.go:2026-04-06_15-49-46
2026-04-10_08-55-28,0,main.go:2026-04-10_08-55-28;pen.go:2026-04-06_15-49-46
2026-04-10_08-56-22,0,main.go:2026-04-10_08-56-22;pen.go:2026-04-06_15-49-46
2026-04-10_08-56-26,0,main.go:2026-04-10_08-56-26;pen.go:2026-04-06_15-49-46
2026-04-10_10-05-08,0,main.go:2026-04-10_10-05-08;pen.go:2026-04-06_15-49-46
2026-04-10_10-05-23,0,main.go:2026-04-10_10-05-23;pen.go:2026-04-06_15-49-46
2026-04-10_10-05-34,0,main.go:2026-04-10_10-05-34;pen.go:2026-04-06_15-49-46
2026-04-10_10-05-42,0,main.go:2026-04-10_10-05-42;pen.go:2026-04-06_15-49-46
2026-04-10_10-06-02,0,main.go:2026-04-10_10-06-02;pen.go:2026-04-06_15-49-46
2026-04-10_10-06-04,0,main.go:2026-04-10_10-06-02;pen.go:2026-04-06_15-49-46
2026-04-10_10-06-07,0,main.go:2026-04-10_10-06-02;pen.go:2026-04-06_15-49-46
2026-04-10_10-06-10,0,main.go:2026-04-10_10-06-02;pen.go:2026-04-06_15-49-46
2026-04-10_10-06-13,0,main.go:2026-04-10_10-06-13;pen.go:2026-04-06_15-49-46
2026-04-10_10-06-15,0,main.go:2026-04-10_10-06-13;pen.go:2026-04-06_15-49-46
2026-04-10_10-06-28,0,main.go:2026-04-10_10-06-28;pen.go:2026-04-06_15-49-46
2026-04-10_10-06-31,0,main.go:2026-04-10_10-06-28;pen.go:2026-04-06_15-49-46
2026-04-10_10-06-35,0,main.go:2026-04-10_10-06-35;pen.go:2026-04-06_15-49-46
2026-04-10_10-06-40,0,main.go:2026-04-10_10-06-35;pen.go:2026-04-06_15-49-46
2026-04-10_10-06-45,0,main.go:2026-04-10_10-06-45;pen.go:2026-04-06_15-49-46
2026-04-10_10-06-52,0,main.go:2026-04-10_10-06-52;pen.go:2026-04-06_15-49-46
2026-04-10_10-06-57,0,main.go:2026-04-10_10-06-52;pen.go:2026-04-06_15-49-46
2026-04-10_10-07-02,0,main.go:2026-04-10_10-07-02;pen.go:2026-04-06_15-49-46
2026-04-10_10-07-07,0,main.go:2026-04-10_10-07-02;pen.go:2026-04-06_15-49-46
2026-04-10_10-07-15,0,main.go:2026-04-10_10-07-02;pen.go:2026-04-06_15-49-46
2026-04-10_10-07-24,0,main.go:2026-04-10_10-07-24;pen.go:2026-04-06_15-49-46
2026-04-10_10-07-31,0,main.go:2026-04-10_10-07-24;pen.go:2026-04-06_15-49-46
2026-04-10_10-07-39,0,main.go:2026-04-10_10-07-24;pen.go:2026-04-06_15-49-46
2026-04-10_10-08-01,0,main.go:2026-04-10_10-07-24;pen.go:2026-04-06_15-49-46
2026-04-10_10-10-54,0,main.go:2026-04-10_10-10-54;pen.go:2026-04-06_15-49-46
2026-04-10_10-12-21,0,main.go:2026-04-10_10-12-21;pen.go:2026-04-06_15-49-46
2026-04-10_10-12-26,0,main.go:2026-04-10_10-12-21;pen.go:2026-04-06_15-49-46
2026-04-10_10-12-30,0,main.go:2026-04-10_10-12-30;pen.go:2026-04-06_15-49-46
2026-04-10_10-12-56,0,main.go:2026-04-10_10-12-56;pen.go:2026-04-06_15-49-46
2026-04-10_10-13-19,0,main.go:2026-04-10_10-13-19;pen.go:2026-04-06_15-49-46
2026-04-10_10-13-30,0,main.go:2026-04-10_10-13-30;pen.go:2026-04-06_15-49-46
2026-04-10_10-13-39,0,main.go:2026-04-10_10-13-39;pen.go:2026-04-06_15-49-46
2026-04-10_10-14-01,0,main.go:2026-04-10_10-14-01;pen.go:2026-04-06_15-49-46
2026-04-10_10-14-28,0,main.go:2026-04-10_10-14-28;pen.go:2026-04-06_15-49-46
2026-04-10_10-15-02,0,main.go:2026-04-10_10-15-02;pen.go:2026-04-06_15-49-46
2026-04-10_10-15-05,0,main.go:2026-04-10_10-15-02;pen.go:2026-04-06_15-49-46
2026-04-10_10-15-10,0,main.go:2026-04-10_10-15-10;pen.go:2026-04-06_15-49-46
2026-04-10_10-15-14,0,main.go:2026-04-10_10-15-14;pen.go:2026-04-06_15-49-46
2026-04-10_10-15-22,0,main.go:2026-04-10_10-15-22;pen.go:2026-04-06_15-49-46
2026-04-10_10-15-48,0,main.go:2026-04-10_10-15-48;pen.go:2026-04-06_15-49-46
2026-04-10_10-17-36,0,main.go:2026-04-10_10-17-36;pen.go:2026-04-06_15-49-46
2026-04-10_10-18-44,0,main.go:2026-04-10_10-18-44;pen.go:2026-04-06_15-49-46
2026-04-10_10-19-18,0,main.go:2026-04-10_10-19-18;pen.go:2026-04-06_15-49-46
2026-04-10_10-19-30,0,main.go:2026-04-10_10-19-30;pen.go:2026-04-06_15-49-46
2026-04-10_10-19-40,0,main.go:2026-04-10_10-19-40;pen.go:2026-04-06_15-49-46
2026-04-10_10-20-19,0,main.go:2026-04-10_10-20-19;pen.go:2026-04-06_15-49-46
2026-04-10_10-20-23,0,main.go:2026-04-10_10-20-19;pen.go:2026-04-06_15-49-46
2026-04-10_10-20-27,0,main.go:2026-04-10_10-20-27;pen.go:2026-04-06_15-49-46
2026-04-10_10-20-37,0,main.go:2026-04-10_10-20-37;pen.go:2026-04-06_15-49-46
2026-04-10_10-20-52,0,main.go:2026-04-10_10-20-52;pen.go:2026-04-06_15-49-46
2026-04-10_10-21-01,0,main.go:2026-04-10_10-21-01;pen.go:2026-04-06_15-49-46
2026-04-10_10-21-09,0,main.go:2026-04-10_10-21-09;pen.go:2026-04-06_15-49-46
2026-04-10_10-21-17,0,main.go:2026-04-10_10-21-17;pen.go:2026-04-06_15-49-46
2026-04-10_10-21-29,0,main.go:2026-04-10_10-21-29;pen.go:2026-04-06_15-49-46
2026-04-10_10-21-39,0,main.go:2026-04-10_10-21-39;pen.go:2026-04-06_15-49-46
2026-04-10_10-21-48,0,main.go:2026-04-10_10-21-48;pen.go:2026-04-06_15-49-46
2026-04-10_10-21-54,0,main.go:2026-04-10_10-21-54;pen.go:2026-04-06_15-49-46
2026-04-10_10-22-02,0,main.go:2026-04-10_10-22-02;pen.go:2026-04-06_15-49-46
2026-04-10_10-22-12,0,main.go:2026-04-10_10-22-12;pen.go:2026-04-06_15-49-46
2026-04-10_10-22-20,0,main.go:2026-04-10_10-22-20;pen.go:2026-04-06_15-49-46
2026-04-10_10-22-30,0,main.go:2026-04-10_10-22-30;pen.go:2026-04-06_15-49-46
2026-04-10_10-22-38,0,main.go:2026-04-10_10-22-38;pen.go:2026-04-06_15-49-46
2026-04-10_10-22-46,0,main.go:2026-04-10_10-22-46;pen.go:2026-04-06_15-49-46
2026-04-10_10-22-53,0,main.go:2026-04-10_10-22-53;pen.go:2026-04-06_15-49-46
2026-04-10_10-23-09,0,main.go:2026-04-10_10-23-09;pen.go:2026-04-06_15-49-46
2026-04-10_10-28-11,0,main.go:2026-04-10_10-28-11;pen.go:2026-04-06_15-49-46
2026-04-10_10-28-38,0,main.go:2026-04-10_10-28-38;pen.go:2026-04-06_15-49-46
2026-04-10_10-29-35,0,main.go:2026-04-10_10-29-35;pen.go:2026-04-06_15-49-46
2026-04-10_10-29-49,0,main.go:2026-04-10_10-29-49;pen.go:2026-04-06_15-49-46
2026-04-10_10-30-01,0,main.go:2026-04-10_10-30-01;pen.go:2026-04-06_15-49-46
2026-04-10_10-30-25,0,main.go:2026-04-10_10-30-25;pen.go:2026-04-06_15-49-46
2026-04-10_10-30-28,0,main.go:2026-04-10_10-30-25;pen.go:2026-04-06_15-49-46
2026-04-10_10-30-36,0,main.go:2026-04-10_10-30-36;pen.go:2026-04-06_15-49-46
2026-04-10_10-30-43,0,main.go:2026-04-10_10-30-43;pen.go:2026-04-06_15-49-46
2026-04-10_10-30-59,0,main.go:2026-04-10_10-30-59;pen.go:2026-04-06_15-49-46
2026-04-10_10-31-21,0,main.go:2026-04-10_10-31-21;pen.go:2026-04-06_15-49-46
2026-04-10_10-31-34,0,main.go:2026-04-10_10-31-34;pen.go:2026-04-06_15-49-46
2026-04-10_10-31-46,0,main.go:2026-04-10_10-31-46;pen.go:2026-04-06_15-49-46
2026-04-10_10-32-16,0,main.go:2026-04-10_10-32-16;pen.go:2026-04-06_15-49-46
2026-04-10_10-32-28,0,main.go:2026-04-10_10-32-28;pen.go:2026-04-06_15-49-46
2026-04-10_10-32-38,0,main.go:2026-04-10_10-32-38;pen.go:2026-04-06_15-49-46
2026-04-10_10-32-50,0,main.go:2026-04-10_10-32-50;pen.go:2026-04-06_15-49-46
2026-04-10_10-32-58,0,main.go:2026-04-10_10-32-58;pen.go:2026-04-06_15-49-46
2026-04-10_10-33-12,0,main.go:2026-04-10_10-33-12;pen.go:2026-04-06_15-49-46
2026-04-10_10-33-22,0,main.go:2026-04-10_10-33-22;pen.go:2026-04-06_15-49-46
2026-04-10_10-33-27,0,main.go:2026-04-10_10-33-22;pen.go:2026-04-06_15-49-46
