2026-03-16_00-56-27,---,draft.go:2026-03-16_00-56-27
2026-03-16_14-42-39,0,draft.go:2026-03-16_14-42-39
2026-03-16_14-42-40,0,draft.go:2026-03-16_14-42-39
2026-03-16_14-42-41,0,draft.go:2026-03-16_14-42-39
2026-03-16_14-42-42,0,draft.go:2026-03-16_14-42-39
2026-03-16_14-42-42,0,draft.go:2026-03-16_14-42-39
2026-03-16_14-42-43,0,draft.go:2026-03-16_14-42-39
2026-03-16_14-42-44,0,draft.go:2026-03-16_14-42-39
2026-03-16_14-42-45,0,draft.go:2026-03-16_14-42-39
2026-03-16_14-42-54,---,draft.go:2026-03-16_14-42-39
2026-03-16_14-43-17,0,draft.go:2026-03-16_14-42-39
2026-03-16_14-43-18,0,draft.go:2026-03-16_14-42-39
2026-03-16_14-43-18,0,draft.go:2026-03-16_14-42-39
2026-03-16_14-43-19,0,draft.go:2026-03-16_14-42-39
2026-03-16_14-43-20,0,draft.go:2026-03-16_14-42-39
2026-03-16_14-43-20,0,draft.go:2026-03-16_14-42-39
2026-03-16_14-43-21,0,draft.go:2026-03-16_14-42-39
2026-03-16_14-43-47,---,draft.go:2026-03-16_14-42-39
2026-03-16_14-44-13,0,draft.go:2026-03-16_14-42-39
2026-03-16_14-44-20,0,draft.go:2026-03-16_14-42-39
2026-03-16_14-44-21,0,draft.go:2026-03-16_14-42-39
2026-03-16_14-44-31,0,draft.go:2026-03-16_14-44-31
2026-03-16_14-44-31,0,draft.go:2026-03-16_14-44-31
2026-03-16_14-44-32,0,draft.go:2026-03-16_14-44-32
2026-03-16_14-45-14,100,draft.go:2026-03-16_14-45-14
