2026-05-22_09-34-35,---,main.go:2026-05-22_09-34-35
2026-05-22_09-34-56,0,main.go:2026-05-22_09-34-35
2026-05-22_09-53-23,0,main.go:2026-05-22_09-53-23
2026-05-22_09-54-02,0,main.go:2026-05-22_09-54-02
2026-05-22_09-54-11,0,main.go:2026-05-22_09-54-11
2026-05-22_09-55-30,0,main.go:2026-05-22_09-55-30
2026-05-22_09-56-10,0,main.go:2026-05-22_09-56-10
2026-05-22_09-56-42,0,main.go:2026-05-22_09-56-10
2026-05-22_09-57-09,0,main.go:2026-05-22_09-57-09
2026-05-22_09-58-38,0,main.go:2026-05-22_09-58-38
2026-05-22_10-02-41,0,main.go:2026-05-22_10-02-41
2026-05-22_10-03-51,0,main.go:2026-05-22_10-03-51
2026-05-22_10-04-08,0,main.go:2026-05-22_10-04-08
2026-05-22_10-04-47,0,main.go:2026-05-22_10-04-47
2026-05-22_10-05-13,0,main.go:2026-05-22_10-05-13
2026-05-22_10-05-14,0,main.go:2026-05-22_10-05-13
2026-05-22_10-06-04,0,main.go:2026-05-22_10-06-04
2026-05-24_10-23-13,0,main.go:2026-05-22_10-06-04
2026-05-24_10-23-37,0,main.go:2026-05-24_10-23-37
2026-05-24_10-24-16,0,main.go:2026-05-24_10-24-16
2026-05-24_10-24-18,0,main.go:2026-05-24_10-24-16
2026-05-24_10-39-02,0,main.go:2026-05-24_10-39-02
2026-05-24_10-39-31,0,main.go:2026-05-24_10-39-31
2026-05-24_10-40-20,0,main.go:2026-05-24_10-40-20
2026-05-24_10-41-56,0,main.go:2026-05-24_10-41-56
2026-05-24_10-50-52,0,main.go:2026-05-24_10-50-52
2026-05-24_11-02-31,0,main.go:2026-05-24_10-50-52
2026-05-24_11-02-46,0,main.go:2026-05-24_10-50-52
2026-05-24_11-03-41,0,main.go:2026-05-24_10-50-52
2026-05-24_11-05-58,0,main.go:2026-05-24_11-05-58
2026-05-24_11-07-00,0,main.go:2026-05-24_11-07-00
2026-05-24_11-07-03,0,main.go:2026-05-24_11-07-00
2026-05-24_11-07-17,0,main.go:2026-05-24_11-07-17
2026-05-24_11-07-19,0,main.go:2026-05-24_11-07-17
2026-05-24_11-10-47,0,main.go:2026-05-24_11-10-47
2026-05-24_11-12-16,0,main.go:2026-05-24_11-12-16
2026-05-24_11-12-33,0,main.go:2026-05-24_11-12-33
2026-05-24_11-12-53,0,main.go:2026-05-24_11-12-53
2026-05-24_11-14-35,0,main.go:2026-05-24_11-14-35
2026-05-24_11-14-36,0,main.go:2026-05-24_11-14-35
2026-05-24_11-14-55,0,main.go:2026-05-24_11-14-55
2026-05-24_11-15-29,0,main.go:2026-05-24_11-15-29
2026-05-24_11-16-30,33,main.go:2026-05-24_11-16-30
2026-05-24_11-18-47,33,main.go:2026-05-24_11-18-47
2026-05-24_11-19-05,0,main.go:2026-05-24_11-19-05
2026-05-24_11-19-44,33,main.go:2026-05-24_11-19-44
2026-05-24_11-20-49,0,main.go:2026-05-24_11-20-49
2026-05-24_11-20-51,0,main.go:2026-05-24_11-20-49
2026-05-24_11-21-20,66,main.go:2026-05-24_11-21-20
2026-05-24_11-42-51,0,main.go:2026-05-24_11-42-51
2026-05-24_11-43-17,0,main.go:2026-05-24_11-43-17
2026-05-24_11-43-37,0,main.go:2026-05-24_11-43-37
2026-05-24_11-44-29,66,main.go:2026-05-24_11-44-29
2026-05-24_11-47-05,0,main.go:2026-05-24_11-47-05
2026-05-24_11-47-16,66,main.go:2026-05-24_11-47-16
2026-05-24_11-48-12,0,main.go:2026-05-24_11-48-12
2026-05-24_11-48-14,0,main.go:2026-05-24_11-48-12
2026-05-24_11-48-30,66,main.go:2026-05-24_11-48-30
2026-05-24_11-48-59,0,main.go:2026-05-24_11-48-59
2026-05-24_11-49-01,0,main.go:2026-05-24_11-48-59
2026-05-24_11-49-15,0,main.go:2026-05-24_11-49-15
2026-05-24_11-49-17,0,main.go:2026-05-24_11-49-15
2026-05-24_11-49-23,66,main.go:2026-05-24_11-49-23
2026-05-24_11-49-55,66,main.go:2026-05-24_11-49-55
2026-05-24_11-50-08,66,main.go:2026-05-24_11-50-08
2026-05-24_11-50-37,66,main.go:2026-05-24_11-50-37
2026-05-24_11-52-46,66,main.go:2026-05-24_11-52-46
2026-05-24_11-53-11,66,main.go:2026-05-24_11-53-11
2026-05-24_11-53-43,66,main.go:2026-05-24_11-53-43
2026-05-24_11-54-09,66,main.go:2026-05-24_11-54-09
2026-05-24_11-54-28,66,main.go:2026-05-24_11-54-28
2026-05-24_11-54-37,66,main.go:2026-05-24_11-54-37
2026-05-24_11-54-52,66,main.go:2026-05-24_11-54-37
2026-05-24_11-55-08,66,main.go:2026-05-24_11-55-08
2026-05-24_11-55-17,66,main.go:2026-05-24_11-55-17
2026-05-24_11-55-43,66,main.go:2026-05-24_11-55-43
2026-05-24_11-56-04,66,main.go:2026-05-24_11-56-04
2026-05-24_11-59-24,0,main.go:2026-05-24_11-59-24
2026-05-24_11-59-30,66,main.go:2026-05-24_11-59-30
2026-05-24_12-00-36,100,main.go:2026-05-24_12-00-36
2026-06-05_13-14-07,100,main.go:2026-05-24_12-00-36
