2026-05-19_00-40-09,---,main.go:2026-05-19_00-40-09
2026-05-19_15-57-30,0,main.go:2026-05-19_15-57-30
2026-05-19_15-57-49,0,main.go:2026-05-19_15-57-49
2026-05-19_15-58-37,0,main.go:2026-05-19_15-57-49
2026-05-19_16-08-59,0,main.go:2026-05-19_15-57-49
2026-05-19_16-10-26,0,main.go:2026-05-19_16-10-26
2026-05-19_16-11-37,0,main.go:2026-05-19_16-11-37
2026-05-19_16-19-01,0,main.go:2026-05-19_16-19-01
2026-05-19_16-19-28,0,main.go:2026-05-19_16-19-28
2026-05-19_16-34-16,0,main.go:2026-05-19_16-19-28
2026-05-19_16-41-49,0,main.go:2026-05-19_16-41-49
2026-05-19_16-41-59,0,main.go:2026-05-19_16-41-59
2026-05-19_16-42-27,0,main.go:2026-05-19_16-42-27
2026-05-19_16-42-49,0,main.go:2026-05-19_16-42-49
2026-05-19_16-43-02,0,main.go:2026-05-19_16-43-02
2026-05-19_16-43-35,0,main.go:2026-05-19_16-43-35
2026-05-19_16-43-48,0,main.go:2026-05-19_16-43-48
2026-05-19_16-44-17,---,main.go:2026-05-19_16-44-17
2026-05-19_16-44-41,0,main.go:2026-05-19_16-44-41
2026-05-19_16-48-28,0,main.go:2026-05-19_16-48-28
2026-05-19_16-48-44,0,main.go:2026-05-19_16-48-44
2026-05-19_16-52-40,0,main.go:2026-05-19_16-52-40
2026-05-19_16-52-54,0,main.go:2026-05-19_16-52-54
2026-05-19_16-53-03,0,main.go:2026-05-19_16-53-03
2026-05-20_11-37-41,0,main.go:2026-05-20_11-37-41
2026-05-20_11-48-40,0,main.go:2026-05-20_11-48-40
2026-05-20_11-48-59,0,main.go:2026-05-20_11-48-59
2026-05-20_11-50-38,0,main.go:2026-05-20_11-50-38
2026-05-20_11-52-49,0,main.go:2026-05-20_11-52-49
2026-05-20_11-53-15,0,main.go:2026-05-20_11-53-15
2026-05-20_11-53-23,0,main.go:2026-05-20_11-53-15
2026-05-20_11-53-48,9,main.go:2026-05-20_11-53-48
2026-05-20_11-54-24,9,main.go:2026-05-20_11-54-24
2026-05-20_11-54-41,9,main.go:2026-05-20_11-54-41
2026-05-20_11-55-20,0,main.go:2026-05-20_11-55-20
2026-05-20_11-55-57,0,main.go:2026-05-20_11-55-57
2026-05-20_11-56-45,0,main.go:2026-05-20_11-56-45
2026-05-20_11-56-56,0,main.go:2026-05-20_11-56-56
2026-05-20_11-58-17,18,main.go:2026-05-20_11-58-17
2026-05-20_12-01-17,18,main.go:2026-05-20_12-01-17
2026-05-20_12-01-45,0,main.go:2026-05-20_12-01-45
2026-05-20_12-04-02,0,main.go:2026-05-20_12-04-02
2026-05-20_12-05-34,0,main.go:2026-05-20_12-05-34
2026-05-20_12-05-50,0,main.go:2026-05-20_12-05-50
2026-05-20_12-06-19,0,main.go:2026-05-20_12-06-19
2026-05-20_12-07-55,18,main.go:2026-05-20_12-07-55
2026-05-20_12-08-09,18,main.go:2026-05-20_12-07-55
2026-05-20_12-08-23,18,main.go:2026-05-20_12-08-23
2026-05-20_12-08-40,18,main.go:2026-05-20_12-08-40
2026-05-20_12-08-57,18,main.go:2026-05-20_12-08-57
2026-05-20_12-11-02,0,main.go:2026-05-20_12-11-02
2026-05-20_12-12-18,0,main.go:2026-05-20_12-12-18
2026-05-20_12-12-27,0,main.go:2026-05-20_12-12-27
2026-05-20_12-12-43,27,main.go:2026-05-20_12-12-43
2026-05-20_12-15-33,0,main.go:2026-05-20_12-15-33
2026-05-20_12-15-57,0,main.go:2026-05-20_12-15-57
2026-05-20_12-16-18,27,main.go:2026-05-20_12-16-18
2026-05-20_12-19-20,0,main.go:2026-05-20_12-19-20
2026-05-20_12-19-40,27,main.go:2026-05-20_12-19-40
2026-05-20_12-20-14,36,main.go:2026-05-20_12-20-14
2026-05-20_12-27-02,45,main.go:2026-05-20_12-27-02
2026-05-20_12-30-53,0,main.go:2026-05-20_12-30-53
2026-05-20_12-31-12,45,main.go:2026-05-20_12-31-12
2026-05-20_12-31-46,45,main.go:2026-05-20_12-31-46
2026-05-20_12-32-34,45,main.go:2026-05-20_12-32-34
2026-05-20_12-33-37,0,main.go:2026-05-20_12-33-37
2026-05-20_12-33-45,45,main.go:2026-05-20_12-33-45
2026-05-20_12-34-11,45,main.go:2026-05-20_12-34-11
2026-05-20_12-34-40,45,main.go:2026-05-20_12-34-40
2026-05-20_12-34-56,45,main.go:2026-05-20_12-34-40
2026-05-20_12-37-12,45,main.go:2026-05-20_12-37-12
2026-05-20_12-37-37,54,main.go:2026-05-20_12-37-37
2026-05-20_22-35-27,54,main.go:2026-05-20_12-37-37
2026-05-20_22-36-07,54,main.go:2026-05-20_12-37-37
2026-05-20_22-41-19,0,main.go:2026-05-20_22-41-19
2026-05-20_22-41-33,54,main.go:2026-05-20_22-41-33
2026-05-20_22-41-48,54,main.go:2026-05-20_22-41-48
2026-05-20_22-43-28,54,main.go:2026-05-20_22-43-28
2026-05-20_22-44-37,0,main.go:2026-05-20_22-44-37
2026-05-20_22-44-45,54,main.go:2026-05-20_22-44-45
2026-05-20_22-46-03,54,main.go:2026-05-20_22-46-03
2026-05-20_22-46-40,54,main.go:2026-05-20_22-46-40
2026-05-20_22-47-10,54,main.go:2026-05-20_22-47-10
2026-05-20_22-47-58,54,main.go:2026-05-20_22-47-58
2026-05-20_22-48-58,54,main.go:2026-05-20_22-48-58
2026-05-20_22-50-46,0,main.go:2026-05-20_22-50-46
2026-05-20_22-50-57,54,main.go:2026-05-20_22-50-57
2026-05-20_22-51-57,54,main.go:2026-05-20_22-51-57
2026-05-20_22-52-32,0,main.go:2026-05-20_22-52-32
2026-05-20_22-52-45,72,main.go:2026-05-20_22-52-45
2026-05-20_22-53-28,72,main.go:2026-05-20_22-53-28
2026-05-20_22-55-14,0,main.go:2026-05-20_22-55-14
2026-05-20_22-55-28,0,main.go:2026-05-20_22-55-28
2026-05-20_22-55-31,0,main.go:2026-05-20_22-55-28
2026-05-20_22-55-43,72,main.go:2026-05-20_22-55-43
2026-05-20_22-56-18,72,main.go:2026-05-20_22-56-18
2026-05-20_22-57-13,72,main.go:2026-05-20_22-57-13
2026-05-20_22-57-28,72,main.go:2026-05-20_22-57-28
2026-05-20_22-57-34,72,main.go:2026-05-20_22-57-34
2026-05-20_22-58-21,72,main.go:2026-05-20_22-58-21
2026-05-20_22-59-56,72,main.go:2026-05-20_22-59-56
2026-05-20_23-00-51,81,main.go:2026-05-20_23-00-51
2026-05-20_23-01-17,81,main.go:2026-05-20_23-00-51
2026-05-20_23-05-25,0,main.go:2026-05-20_23-05-25
2026-05-20_23-05-41,0,main.go:2026-05-20_23-05-41
2026-05-20_23-05-53,0,main.go:2026-05-20_23-05-53
2026-05-20_23-06-11,0,main.go:2026-05-20_23-06-11
2026-05-20_23-06-30,81,main.go:2026-05-20_23-06-30
2026-05-20_23-06-52,81,main.go:2026-05-20_23-06-52
2026-05-20_23-07-35,0,main.go:2026-05-20_23-07-35
2026-05-20_23-07-50,81,main.go:2026-05-20_23-07-50
2026-05-20_23-08-00,90,main.go:2026-05-20_23-08-00
2026-05-20_23-11-31,0,main.go:2026-05-20_23-11-31
2026-05-20_23-11-43,0,main.go:2026-05-20_23-11-43
2026-05-20_23-12-05,90,main.go:2026-05-20_23-12-05
2026-05-20_23-12-27,90,main.go:2026-05-20_23-12-27
2026-05-20_23-13-48,90,main.go:2026-05-20_23-13-48
2026-05-20_23-14-10,90,main.go:2026-05-20_23-14-10
2026-05-20_23-16-04,90,main.go:2026-05-20_23-16-04
2026-05-20_23-16-22,90,main.go:2026-05-20_23-16-22
2026-05-20_23-16-40,90,main.go:2026-05-20_23-16-40
2026-05-20_23-17-19,0,main.go:2026-05-20_23-17-19
2026-05-20_23-17-27,0,main.go:2026-05-20_23-17-27
2026-05-20_23-17-28,0,main.go:2026-05-20_23-17-27
2026-05-20_23-17-47,0,main.go:2026-05-20_23-17-47
2026-05-20_23-18-20,90,main.go:2026-05-20_23-18-20
2026-05-20_23-19-31,0,main.go:2026-05-20_23-19-31
2026-05-20_23-20-13,0,main.go:2026-05-20_23-20-13
2026-05-20_23-20-15,0,main.go:2026-05-20_23-20-13
2026-05-20_23-20-57,0,main.go:2026-05-20_23-20-57
2026-05-20_23-20-58,0,main.go:2026-05-20_23-20-57
2026-05-20_23-21-49,90,main.go:2026-05-20_23-21-49
2026-05-20_23-22-15,90,main.go:2026-05-20_23-22-15
2026-05-20_23-24-08,100,main.go:2026-05-20_23-24-08
