2026-03-16_16-19-12,0,draft.go:2026-03-16_16-19-12
2026-03-16_16-19-13,0,draft.go:2026-03-16_16-19-12
2026-03-16_16-19-39,10,draft.go:2026-03-16_16-19-39
2026-03-16_16-19-45,10,draft.go:2026-03-16_16-19-39
2026-03-16_16-19-50,10,draft.go:2026-03-16_16-19-39
2026-03-16_16-20-12,10,draft.go:2026-03-16_16-20-12
2026-03-16_16-22-15,0,draft.go:2026-03-16_16-22-15
2026-03-16_16-22-24,20,draft.go:2026-03-16_16-22-15
2026-03-16_16-32-29,40,draft.go:2026-03-16_16-32-29
2026-03-16_16-36-26,0,draft.go:2026-03-16_16-36-26
2026-03-16_16-37-17,20,draft.go:2026-03-16_16-37-17
2026-03-16_16-38-15,80,draft.go:2026-03-16_16-38-15
2026-03-16_16-38-45,100,draft.go:2026-03-16_16-38-45
2026-03-16_16-39-07,100,draft.go:2026-03-16_16-39-07
