2026-04-28_14-01-10,---,main.go:2026-04-28_14-01-10
2026-04-28_14-02-35,44,main.go:2026-04-28_14-01-10
2026-04-28_14-02-46,44,main.go:2026-04-28_14-01-10
2026-04-28_14-18-03,0,main.go:2026-04-28_14-18-03
2026-04-28_14-18-21,0,main.go:2026-04-28_14-18-21
2026-04-28_14-18-39,88,main.go:2026-04-28_14-18-39
2026-04-28_14-19-04,66,main.go:2026-04-28_14-19-04
2026-04-28_14-19-09,88,main.go:2026-04-28_14-19-09
2026-04-28_14-19-24,88,main.go:2026-04-28_14-19-24
2026-04-28_14-19-37,100,main.go:2026-04-28_14-19-37
2026-04-28_14-21-31,100,main.go:2026-04-28_14-19-37
2026-04-28_14-21-33,100,main.go:2026-04-28_14-19-37
2026-04-28_14-21-34,100,main.go:2026-04-28_14-19-37
2026-04-28_14-21-36,100,main.go:2026-04-28_14-19-37
2026-04-28_14-21-38,100,main.go:2026-04-28_14-19-37
